Entreprise,Motif,Detail,Contacts ecartes,Effectif SIREN,Variantes de nom
360SmartConnect (Track&Trace pour la construction),ESN / concurrent,"ESN / cabinet IT : concurrent, pas client",1,,
ADEQUATION,ESN / concurrent,"ESN / cabinet IT : concurrent, pas client",1,100,
adista,ESN / concurrent,"ESN / cabinet IT : concurrent, pas client",1,500,
ADIT,ESN / concurrent,"ESN / cabinet IT : concurrent, pas client",1,100,
agap2,ESN / concurrent,"ESN / cabinet IT : concurrent, pas client",3,2000,
agap2IT France,ESN / concurrent,"ESN / cabinet IT : concurrent, pas client",1,,
Akkodis,ESN / concurrent,"ESN / cabinet IT : concurrent, pas client",5,1000,
ALTIX,ESN / concurrent,"ESN / cabinet IT : concurrent, pas client",2,0,
ALTUP CONSEIL,ESN / concurrent,"ESN / cabinet IT : concurrent, pas client",1,3,
Amesys Conseil,ESN / concurrent,"ESN / cabinet IT : concurrent, pas client",1,0,
Amplitudes,ESN / concurrent,"ESN / cabinet IT : concurrent, pas client",1,0,
Arche MC2,ESN / concurrent,"ESN / cabinet IT : concurrent, pas client",1,250,
ARi,ESN / concurrent,"ESN / cabinet IT : concurrent, pas client",1,250,
ATOS Racks,ESN / concurrent,"ESN / cabinet IT : concurrent, pas client",1,,
Augusta Reeves - SAP Global Partner,ESN / concurrent,"ESN / cabinet IT : concurrent, pas client",1,20,
Axians,ESN / concurrent,"ESN / cabinet IT : concurrent, pas client",3,250,Axians France
Capgemini,ESN / concurrent,"ESN / cabinet IT : concurrent, pas client",1,0,
CGI,ESN / concurrent,"ESN / cabinet IT : concurrent, pas client",1,0,
CGI Business Consulting,ESN / concurrent,"ESN / cabinet IT : concurrent, pas client",1,0,
CGX AERO,ESN / concurrent,"ESN / cabinet IT : concurrent, pas client",1,50,
CIMPA PLM Services,ESN / concurrent,"ESN / cabinet IT : concurrent, pas client",1,,
Cloud Temple,ESN / concurrent,"ESN / cabinet IT : concurrent, pas client",1,100,
CS GROUP,ESN / concurrent,"ESN / cabinet IT : concurrent, pas client",1,0,
CS in Defense & Security,ESN / concurrent,"ESN / cabinet IT : concurrent, pas client",1,,
DSI,ESN / concurrent,"ESN / cabinet IT : concurrent, pas client",1,1,
🟣 DSIACTIVE,ESN / concurrent,"ESN / cabinet IT : concurrent, pas client",1,0,
Enovacom,ESN / concurrent,"ESN / cabinet IT : concurrent, pas client",1,250,
ERIGIUM,ESN / concurrent,"ESN / cabinet IT : concurrent, pas client",1,3,
EUKLES Solutions,ESN / concurrent,"ESN / cabinet IT : concurrent, pas client",1,50,
Extia,ESN / concurrent,"ESN / cabinet IT : concurrent, pas client",1,1000,
Free Pro,ESN / concurrent,"ESN / cabinet IT : concurrent, pas client",2,250,
Groupe ISIA,ESN / concurrent,"ESN / cabinet IT : concurrent, pas client",1,100,
Groupe M Target,ESN / concurrent,"ESN / cabinet IT : concurrent, pas client",1,0,
GUARANÍ,ESN / concurrent,"ESN / cabinet IT : concurrent, pas client",1,50,
HighCo DATA France,ESN / concurrent,"ESN / cabinet IT : concurrent, pas client",1,,
HR Path,ESN / concurrent,"ESN / cabinet IT : concurrent, pas client",1,50,
i-datech solutions,ESN / concurrent,"ESN / cabinet IT : concurrent, pas client",1,,
IBM,ESN / concurrent,"ESN / cabinet IT : concurrent, pas client",1,1,
Imaneo,ESN / concurrent,"ESN / cabinet IT : concurrent, pas client",1,0,
INCEPT Group,ESN / concurrent,"ESN / cabinet IT : concurrent, pas client",1,20,
Inetum,ESN / concurrent,"ESN / cabinet IT : concurrent, pas client",4,5000,
Infomil,ESN / concurrent,"ESN / cabinet IT : concurrent, pas client",1,500,
Infotel,ESN / concurrent,"ESN / cabinet IT : concurrent, pas client",1,3,
Inovéa,ESN / concurrent,"ESN / cabinet IT : concurrent, pas client",1,50,
INSITU France,ESN / concurrent,"ESN / cabinet IT : concurrent, pas client",1,100,
Instant System - Enabling MaaS,ESN / concurrent,"ESN / cabinet IT : concurrent, pas client",1,50,
Intrinsec,ESN / concurrent,"ESN / cabinet IT : concurrent, pas client",1,200,
Isii-Tech,ESN / concurrent,"ESN / cabinet IT : concurrent, pas client",1,0,
Klanik,ESN / concurrent,"ESN / cabinet IT : concurrent, pas client",2,250,
Koesio,ESN / concurrent,"ESN / cabinet IT : concurrent, pas client",3,0,
Konica Minolta Business Solutions France,ESN / concurrent,"ESN / cabinet IT : concurrent, pas client",1,1000,
Kyndryl,ESN / concurrent,"ESN / cabinet IT : concurrent, pas client",2,1000,
Lyra,ESN / concurrent,"ESN / cabinet IT : concurrent, pas client",2,10,
Magellium,ESN / concurrent,"ESN / cabinet IT : concurrent, pas client",1,200,
MAGORA,ESN / concurrent,"ESN / cabinet IT : concurrent, pas client",1,0,
MEP - marketing e comunicazione,ESN / concurrent,"ESN / cabinet IT : concurrent, pas client",1,3,
Mews Partners,ESN / concurrent,"ESN / cabinet IT : concurrent, pas client",1,10,
Micropole,ESN / concurrent,"ESN / cabinet IT : concurrent, pas client",1,0,
Mindset - Middle East and Africa,ESN / concurrent,"ESN / cabinet IT : concurrent, pas client",1,10,
MINT SA,ESN / concurrent,"ESN / cabinet IT : concurrent, pas client",1,10,
Monext,ESN / concurrent,"ESN / cabinet IT : concurrent, pas client",1,250,
NEO2,ESN / concurrent,"ESN / cabinet IT : concurrent, pas client",3,0,
nexialist,ESN / concurrent,"ESN / cabinet IT : concurrent, pas client",1,20,
nLighten,ESN / concurrent,"ESN / cabinet IT : concurrent, pas client",1,1,
NOVARC,ESN / concurrent,"ESN / cabinet IT : concurrent, pas client",3,3,
NOVATICS,ESN / concurrent,"ESN / cabinet IT : concurrent, pas client",1,50,
"NTT DATA, Inc.",ESN / concurrent,"ESN / cabinet IT : concurrent, pas client",1,50,
OPEN,ESN / concurrent,"ESN / cabinet IT : concurrent, pas client",2,2000,
Orange Cyberdefense,ESN / concurrent,"ESN / cabinet IT : concurrent, pas client",1,0,
Parthena Consultant,ESN / concurrent,"ESN / cabinet IT : concurrent, pas client",1,100,
Presto Engineering,ESN / concurrent,"ESN / cabinet IT : concurrent, pas client",1,50,
PROMÉTHÉE Earth Intelligence,ESN / concurrent,"ESN / cabinet IT : concurrent, pas client",1,20,
PwC France,ESN / concurrent,"ESN / cabinet IT : concurrent, pas client",1,3,
Quadient,ESN / concurrent,"ESN / cabinet IT : concurrent, pas client",2,500,
Quantificare,ESN / concurrent,"ESN / cabinet IT : concurrent, pas client",1,50,
Randstad Digital France,ESN / concurrent,"ESN / cabinet IT : concurrent, pas client",1,2000,
Reservit,ESN / concurrent,"ESN / cabinet IT : concurrent, pas client",1,0,
Rex Rotary,ESN / concurrent,"ESN / cabinet IT : concurrent, pas client",1,500,
Scalian,ESN / concurrent,"ESN / cabinet IT : concurrent, pas client",1,100,
SCT TELECOM,ESN / concurrent,"ESN / cabinet IT : concurrent, pas client",1,50,
SEA TPI,ESN / concurrent,"ESN / cabinet IT : concurrent, pas client",1,250,
Sea TPI S.A.S,ESN / concurrent,"ESN / cabinet IT : concurrent, pas client",1,,
Siveco Group,ESN / concurrent,"ESN / cabinet IT : concurrent, pas client",1,50,
SMAG,ESN / concurrent,"ESN / cabinet IT : concurrent, pas client",1,100,
softway medical,ESN / concurrent,"ESN / cabinet IT : concurrent, pas client",4,50,SOFTWAY MEDICAL
Sogetrel,ESN / concurrent,"ESN / cabinet IT : concurrent, pas client",2,2000,
Sopra Steria,ESN / concurrent,"ESN / cabinet IT : concurrent, pas client",5,10000,
SPHEREA,ESN / concurrent,"ESN / cabinet IT : concurrent, pas client",1,250,
Sportnco - a GiG company,ESN / concurrent,"ESN / cabinet IT : concurrent, pas client",1,20,
SQUAD - Cabinet de conseils et d’expertises,ESN / concurrent,"ESN / cabinet IT : concurrent, pas client",2,500,
SUD-EST IT,ESN / concurrent,"ESN / cabinet IT : concurrent, pas client",1,0,
Synanto,ESN / concurrent,"ESN / cabinet IT : concurrent, pas client",1,10,
Synchrone Fr,ESN / concurrent,"ESN / cabinet IT : concurrent, pas client",1,,
T'RHÉA,ESN / concurrent,"ESN / cabinet IT : concurrent, pas client",1,3,
TEHTRIS,ESN / concurrent,"ESN / cabinet IT : concurrent, pas client",1,200,
Unitel,ESN / concurrent,"ESN / cabinet IT : concurrent, pas client",1,0,
"VEILLECO, Partenaire de votre veille commerciale",ESN / concurrent,"ESN / cabinet IT : concurrent, pas client",2,20,
VirtualExpo Group,ESN / concurrent,"ESN / cabinet IT : concurrent, pas client",1,0,
Weda - Logiciel médical en ligne,ESN / concurrent,"ESN / cabinet IT : concurrent, pas client",1,50,
WiZiU : Plateforme de gestion hôtelière,ESN / concurrent,"ESN / cabinet IT : concurrent, pas client",1,20,
Air Liquide,Trop gros,"Grand groupe : achats centralisés, hors portée",45,2000,
Air liquide ADVANCED TECHNOLOGIES,Trop gros,"Grand groupe : achats centralisés, hors portée",1,1000,
Airbus Defence and Space,Trop gros,"Grand groupe : achats centralisés, hors portée",2,5000,
Airbus Protect,Trop gros,"Grand groupe : achats centralisés, hors portée",1,1000,
All Energies Services,Trop gros,10000+ salariés,1,10000,
Alloga,Trop gros,"Grand groupe : achats centralisés, hors portée",1,500,
ALTEN,Trop gros,"Grand groupe : achats centralisés, hors portée",1,5000,
Ampere Software Technology,Trop gros,"Grand groupe : achats centralisés, hors portée",1,1000,
Apave,Trop gros,"Grand groupe : achats centralisés, hors portée",1,500,
ArcelorMittal,Trop gros,"Grand groupe : achats centralisés, hors portée",1,500,
Areva,Trop gros,"Grand groupe : achats centralisés, hors portée",1,0,
Arkema,Trop gros,"Grand groupe : achats centralisés, hors portée",1,0,
Artelia,Trop gros,"Grand groupe : achats centralisés, hors portée",9,2000,
AS 24,Trop gros,"Grand groupe : achats centralisés, hors portée",6,100,
Assystem,Trop gros,"Grand groupe : achats centralisés, hors portée",1,6,
ATR,Trop gros,"Grand groupe : achats centralisés, hors portée",2,20,
Banque Populaire Méditerranée (BPMED),Trop gros,"Grand groupe : achats centralisés, hors portée",1,2000,
Banque Populaire Occitane,Trop gros,"Grand groupe : achats centralisés, hors portée",1,2000,
BestDrive France,Trop gros,"Grand groupe : achats centralisés, hors portée",1,,
Blauwtrust Groep,Trop gros,"Grand groupe : achats centralisés, hors portée",1,,
Blédina,Trop gros,"Grand groupe : achats centralisés, hors portée",1,1000,
Bourbon,Trop gros,"Grand groupe : achats centralisés, hors portée",3,0,BOURBON
Bouygues Construction Expertises Nucleaires,Trop gros,"Grand groupe : achats centralisés, hors portée",1,500,
BOUYGUES CONSTRUCTION IT,Trop gros,"Grand groupe : achats centralisés, hors portée",1,250,
Bouygues energy & services,Trop gros,"Grand groupe : achats centralisés, hors portée",1,20,
Bureau Veritas Group,Trop gros,"Grand groupe : achats centralisés, hors portée",1,20,
Caisse d’Epargne,Trop gros,"Grand groupe : achats centralisés, hors portée",1,0,
CAISSE D'EPARGNE COTE D'AZUR,Trop gros,"Grand groupe : achats centralisés, hors portée",2,1000,
Caisse d'Epargne Ile-de-France,Trop gros,"Grand groupe : achats centralisés, hors portée",1,2000,
Carrefour,Trop gros,"Grand groupe : achats centralisés, hors portée",1,0,
CEGELEC DEFENSE ET NAVAL SUD-EST,Trop gros,"Grand groupe : achats centralisés, hors portée",1,200,
Circet,Trop gros,"Grand groupe : achats centralisés, hors portée",1,2000,
CLAAS,Trop gros,"Grand groupe : achats centralisés, hors portée",1,0,
CMA CGM,Trop gros,"Grand groupe : achats centralisés, hors portée",47,2000,
Colas,Trop gros,"Grand groupe : achats centralisés, hors portée",8,0,COLAS
COMPAGNIE FRUITIERE,Trop gros,"Grand groupe : achats centralisés, hors portée",1,0,
Crédit Agricole Assurances,Trop gros,"Grand groupe : achats centralisés, hors portée",2,2000,Credit Agricole Assurances
Crédit Agricole Pyrénées Gascogne,Trop gros,"Grand groupe : achats centralisés, hors portée",1,2000,
Danone,Trop gros,"Grand groupe : achats centralisés, hors portée",108,1000,
Dietsmann,Trop gros,"Grand groupe : achats centralisés, hors portée",1,0,
DOCAPOSTE,Trop gros,"Grand groupe : achats centralisés, hors portée",4,20,
Domusvi,Trop gros,"Grand groupe : achats centralisés, hors portée",1,250,
DTP,Trop gros,"Grand groupe : achats centralisés, hors portée",3,0,
EDF,Trop gros,"Grand groupe : achats centralisés, hors portée",5,0,
EDF Renouvelables,Trop gros,"Grand groupe : achats centralisés, hors portée",2,0,
Editis,Trop gros,"Grand groupe : achats centralisés, hors portée",1,0,
Egis,Trop gros,"Grand groupe : achats centralisés, hors portée",44,250,
Eiffage,Trop gros,"Grand groupe : achats centralisés, hors portée",2,0,
Eiffage Énergie Systèmes,Trop gros,"Grand groupe : achats centralisés, hors portée",4,500,Eiffage energie Systèmes
ELIS,Trop gros,"Grand groupe : achats centralisés, hors portée",2,0,
ENGIE,Trop gros,"Grand groupe : achats centralisés, hors portée",1,2000,
Engie Green,Trop gros,"Grand groupe : achats centralisés, hors portée",4,500,ENGIE GREEN
ENGIE Solutions France,Trop gros,"Grand groupe : achats centralisés, hors portée",3,2000,
"Entreprise Nationale de Grands Travaux Petroliers (ENGTP, Spa)",Trop gros,"Grand groupe : achats centralisés, hors portée",1,,
Equans France,Trop gros,"Grand groupe : achats centralisés, hors portée",1,0,
Eramet,Trop gros,"Grand groupe : achats centralisés, hors portée",2,250,
Eurovia,Trop gros,"Grand groupe : achats centralisés, hors portée",2,0,
Expleo,Trop gros,"Grand groupe : achats centralisés, hors portée",2,6,Expleo Group
FAYAT ENERGIE SERVICES,Trop gros,"Grand groupe : achats centralisés, hors portée",1,100,
Framatome,Trop gros,"Grand groupe : achats centralisés, hors portée",3,10000,
Freyssinet,Trop gros,"Grand groupe : achats centralisés, hors portée",1,0,
GCA Groupe Charles Andre,Trop gros,"Grand groupe : achats centralisés, hors portée",1,,
GE HealthCare,Trop gros,"Grand groupe : achats centralisés, hors portée",4,0,
GRANDVISION FRANCE,Trop gros,"Grand groupe : achats centralisés, hors portée",1,2000,
GRDF,Trop gros,"Grand groupe : achats centralisés, hors portée",6,10000,
Groupama,Trop gros,"Grand groupe : achats centralisés, hors portée",1,0,
GROUPAMA - G2S,Trop gros,"Grand groupe : achats centralisés, hors portée",1,0,
Groupama Rhone-Alpes Auvergne,Trop gros,"Grand groupe : achats centralisés, hors portée",1,2000,
GROUPE ADF,Trop gros,"Grand groupe : achats centralisés, hors portée",2,200,
Groupe Beaumanoir,Trop gros,"Grand groupe : achats centralisés, hors portée",1,0,
Groupe Bigard,Trop gros,"Grand groupe : achats centralisés, hors portée",1,2000,
Groupe Emera,Trop gros,"Grand groupe : achats centralisés, hors portée",7,0,
Groupe Macsf,Trop gros,"Grand groupe : achats centralisés, hors portée",1,0,
Groupe SNCF,Trop gros,"Grand groupe : achats centralisés, hors portée",9,10000,SNCF
Groupe TF1,Trop gros,"Grand groupe : achats centralisés, hors portée",1,0,
GRTgaz,Trop gros,"Grand groupe : achats centralisés, hors portée",3,1,
Grupo Nueva Pescanova,Trop gros,"Grand groupe : achats centralisés, hors portée",1,,
GSF,Trop gros,"Grand groupe : achats centralisés, hors portée",8,0,
Guerbet,Trop gros,"Grand groupe : achats centralisés, hors portée",1,1000,
"GXO Logistics, Inc.",Trop gros,"Grand groupe : achats centralisés, hors portée",1,2000,
ID Logistics,Trop gros,"Grand groupe : achats centralisés, hors portée",5,0,
Imerys,Trop gros,"Grand groupe : achats centralisés, hors portée",17,250,
Indosuez Wealth Management,Trop gros,"Grand groupe : achats centralisés, hors portée",2,0,
Infineum,Trop gros,"Grand groupe : achats centralisés, hors portée",1,50,
Ingérop,Trop gros,"Grand groupe : achats centralisés, hors portée",4,1000,Ingerop
Intertek France,Trop gros,"Grand groupe : achats centralisés, hors portée",1,250,
Ipsen,Trop gros,"Grand groupe : achats centralisés, hors portée",1,6,
Isover France,Trop gros,"Grand groupe : achats centralisés, hors portée",1,0,
Jacquet Metals,Trop gros,"Grand groupe : achats centralisés, hors portée",1,10,
KENZO Mode,Trop gros,"Grand groupe : achats centralisés, hors portée",1,0,
Keolis Bordeaux Métropole Mobilités,Trop gros,"Grand groupe : achats centralisés, hors portée",1,2000,
L’OCCITANE Group,Trop gros,"Grand groupe : achats centralisés, hors portée",4,0,
La Poste Groupe,Trop gros,"Grand groupe : achats centralisés, hors portée",12,0,
LATESYS - GROUPE ADF,Trop gros,"Grand groupe : achats centralisés, hors portée",1,250,
Liebherr Mining,Trop gros,"Grand groupe : achats centralisés, hors portée",4,3,
Linxens,Trop gros,"Grand groupe : achats centralisés, hors portée",1,50,
MAHLE,Trop gros,"Grand groupe : achats centralisés, hors portée",1,0,
MANE,Trop gros,"Grand groupe : achats centralisés, hors portée",2,0,
Marcegaglia (ascometal),Trop gros,"Grand groupe : achats centralisés, hors portée",1,0,
Markem-Imaje,Trop gros,"Grand groupe : achats centralisés, hors portée",1,100,
Michelin,Trop gros,"Grand groupe : achats centralisés, hors portée",2,0,
Mirion,Trop gros,"Grand groupe : achats centralisés, hors portée",1,0,
Monoprix,Trop gros,"Grand groupe : achats centralisés, hors portée",1,0,
Naphtachimie,Trop gros,"Grand groupe : achats centralisés, hors portée",1,500,
NAVAL GROUP,Trop gros,"Grand groupe : achats centralisés, hors portée",8,10000,
Nestlé Waters,Trop gros,"Grand groupe : achats centralisés, hors portée",2,3,Nestle Waters
NGE - BTP,Trop gros,"Grand groupe : achats centralisés, hors portée",1,500,
NHIndustries,Trop gros,"Grand groupe : achats centralisés, hors portée",1,0,
Onet,Trop gros,"Grand groupe : achats centralisés, hors portée",2,0,
Orange,Trop gros,"Grand groupe : achats centralisés, hors portée",10,10000,
Orange Business,Trop gros,"Grand groupe : achats centralisés, hors portée",2,5000,
Orano,Trop gros,"Grand groupe : achats centralisés, hors portée",3,3,
PAPREC,Trop gros,"Grand groupe : achats centralisés, hors portée",1,250,
Paprec Energies,Trop gros,"Grand groupe : achats centralisés, hors portée",1,0,
Pernod Ricard,Trop gros,"Grand groupe : achats centralisés, hors portée",4,500,
Petroineos Ineos Lavéra,Trop gros,"Grand groupe : achats centralisés, hors portée",3,0,Petroineos Ineos Lavera
Pierre fabre,Trop gros,"Grand groupe : achats centralisés, hors portée",1,0,
Pierre Fabre Laboratories,Trop gros,"Grand groupe : achats centralisés, hors portée",3,,
Pôle Santé Saint Jean,Trop gros,5000+ salariés,1,5000,
Rambus,Trop gros,"Grand groupe : achats centralisés, hors portée",1,0,
Ramsay Santé,Trop gros,"Grand groupe : achats centralisés, hors portée",1,0,
RATPgroup,Trop gros,"Grand groupe : achats centralisés, hors portée",2,,
RAZEL-BEC,Trop gros,"Grand groupe : achats centralisés, hors portée",1,1000,
Refresco,Trop gros,"Grand groupe : achats centralisés, hors portée",1,500,
Robertet Group,Trop gros,10000+ salariés,2,10000,
Royal Canin,Trop gros,"Grand groupe : achats centralisés, hors portée",1,250,
Safran,Trop gros,"Grand groupe : achats centralisés, hors portée",4,2000,
Sanofi,Trop gros,"Grand groupe : achats centralisés, hors portée",13,10,
Sanofi / Opela,Trop gros,"Grand groupe : achats centralisés, hors portée",1,,
Saur,Trop gros,"Grand groupe : achats centralisés, hors portée",2,5000,SAUR
SBM Offshore,Trop gros,"Grand groupe : achats centralisés, hors portée",2,0,
Schneider Electric,Trop gros,"Grand groupe : achats centralisés, hors portée",141,0,
Schneider Electric - IntenCity,Trop gros,"Grand groupe : achats centralisés, hors portée",2,0,
SCHNEIDER ELECTRIC Energy Management - Power Systems & Services,Trop gros,"Grand groupe : achats centralisés, hors portée",2,0,
SCHNEIDER ELECTRIC TECHNOPOLE,Trop gros,"Grand groupe : achats centralisés, hors portée",1,5000,
setec,Trop gros,"Grand groupe : achats centralisés, hors portée",5,50,
setec Bâtiment,Trop gros,"Grand groupe : achats centralisés, hors portée",1,200,
setec tpi,Trop gros,"Grand groupe : achats centralisés, hors portée",6,0,SETEC TPI
Siemens Mobility,Trop gros,"Grand groupe : achats centralisés, hors portée",1,500,
SNCF Réseau,Trop gros,"Grand groupe : achats centralisés, hors portée",2,10000,SNCF Reseau
SNCF Voyageurs,Trop gros,"Grand groupe : achats centralisés, hors portée",7,10000,
Sogea Environnement,Trop gros,"Grand groupe : achats centralisés, hors portée",2,50,
SOLVAY / Syensqo,Trop gros,"Grand groupe : achats centralisés, hors portée",1,500,
Sonepar France,Trop gros,"Grand groupe : achats centralisés, hors portée",1,0,
Spie,Trop gros,"Grand groupe : achats centralisés, hors portée",2,0,SPIE
SPIE Global Services Energy,Trop gros,"Grand groupe : achats centralisés, hors portée",1,100,
SSP France Belgique Luxembourg Italie,Trop gros,"Grand groupe : achats centralisés, hors portée",1,,
Stellantis,Trop gros,"Grand groupe : achats centralisés, hors portée",2,2000,
STMicroelectronics,Trop gros,"Grand groupe : achats centralisés, hors portée",3,2000,ST Microelectronics
Storengy - ENGIE,Trop gros,"Grand groupe : achats centralisés, hors portée",2,200,
SUEZ,Trop gros,"Grand groupe : achats centralisés, hors portée",8,500,
Swiss Life Asset Managers France,Trop gros,"Grand groupe : achats centralisés, hors portée",1,250,
SYSTRA,Trop gros,"Grand groupe : achats centralisés, hors portée",2,250,
TDF,Trop gros,"Grand groupe : achats centralisés, hors portée",1,0,
TechnicAtome,Trop gros,"Grand groupe : achats centralisés, hors portée",10,2000,
Technip Energies,Trop gros,"Grand groupe : achats centralisés, hors portée",1,6,
TechnipFMC,Trop gros,"Grand groupe : achats centralisés, hors portée",2,250,
Tereos,Trop gros,"Grand groupe : achats centralisés, hors portée",1,2000,
Thales,Trop gros,"Grand groupe : achats centralisés, hors portée",6,1000,
Thales Alenia Space,Trop gros,"Grand groupe : achats centralisés, hors portée",4,0,
Thales Cyber & Digital,Trop gros,"Grand groupe : achats centralisés, hors portée",1,,
The port of Marseille Fos,Trop gros,"Grand groupe : achats centralisés, hors portée",1,0,
THERMOFISHER,Trop gros,"Grand groupe : achats centralisés, hors portée",1,,
thyssenkrupp Polysius,Trop gros,"Grand groupe : achats centralisés, hors portée",1,100,
TOTAL LUBRIFIANTS SERVICE AUTOMOBILE,Trop gros,"Grand groupe : achats centralisés, hors portée",1,0,
TotalEnergies,Trop gros,"Grand groupe : achats centralisés, hors portée",73,1000,
Tractebel,Trop gros,"Grand groupe : achats centralisés, hors portée",2,500,TRACTEBEL
TRANSDEV,Trop gros,"Grand groupe : achats centralisés, hors portée",1,500,
Transdev Bretagne,Trop gros,"Grand groupe : achats centralisés, hors portée",1,3,
UBS,Trop gros,"Grand groupe : achats centralisés, hors portée",1,0,
Urbaser Environnement SAS,Trop gros,"Grand groupe : achats centralisés, hors portée",1,,
Vallourec,Trop gros,"Grand groupe : achats centralisés, hors portée",8,0,
Veolia,Trop gros,"Grand groupe : achats centralisés, hors portée",5,5000,Veolia France
Veolia Transport,Trop gros,"Grand groupe : achats centralisés, hors portée",1,0,
VINCI Autoroutes,Trop gros,"Grand groupe : achats centralisés, hors portée",3,0,
VINCI Construction,Trop gros,"Grand groupe : achats centralisés, hors portée",3,250,VINCI Construction France; Vinci construction
VINCI Construction Grands Projets,Trop gros,"Grand groupe : achats centralisés, hors portée",2,1000,
VINCI Energies,Trop gros,"Grand groupe : achats centralisés, hors portée",1,50,
VINCI Energies en France,Trop gros,"Grand groupe : achats centralisés, hors portée",1,20,
Volvo,Trop gros,"Grand groupe : achats centralisés, hors portée",5,0,
XPO Logistics Europe,Trop gros,"Grand groupe : achats centralisés, hors portée",1,20,
13 HABITAT,Secteur public,Secteur public : achat par marché public,1,500,
ABES - Agence bibliographique de l'enseignement supérieur,Secteur public,Secteur public : achat par marché public,1,6,
ACOSS,Secteur public,Secteur public : achat par marché public,2,0,
AD'OCC,Secteur public,Secteur public : achat par marché public,1,6,
ADSEA 06,Secteur public,Secteur public : achat par marché public,1,500,
Aéroport Montpellier Méditerranée,Secteur public,Secteur public : achat par marché public,1,100,
Agence du Service Civique,Secteur public,Secteur public : achat par marché public,1,100,
Agence Française de Développement,Secteur public,Secteur public : achat par marché public,1,2000,
Agirc-Arrco,Secteur public,Secteur public : achat par marché public,1,2000,
Altémed,Secteur public,Secteur public : achat par marché public,1,10,
APHM (Assistance Publique - Hopitaux de Marseille),Secteur public,Secteur public : achat par marché public,4,0,
API Provence,Secteur public,Secteur public : achat par marché public,1,200,
Arseaa - action solidaire,Secteur public,Secteur public : achat par marché public,1,1000,
Assurance Maladie,Secteur public,Secteur public : achat par marché public,1,2000,
Caisse de Prévoyance et de Retraite du Personnel Ferroviaire,Secteur public,Secteur public : achat par marché public,1,,
Caisses Sociales de Monaco,Secteur public,Secteur public : achat par marché public,1,,
Carcassonne Agglo,Secteur public,Secteur public : achat par marché public,1,500,
Carsat Midi-Pyrénées,Secteur public,Secteur public : achat par marché public,1,0,
Carsat Sud-Est,Secteur public,Secteur public : achat par marché public,1,5000,
CDC Habitat,Secteur public,Secteur public : achat par marché public,3,1000,
CEA,Secteur public,Secteur public : achat par marché public,4,0,
Centre Antoine Lacassagne,Secteur public,Secteur public : achat par marché public,1,500,
Centre Hospitalier Ariège Couserans,Secteur public,Secteur public : achat par marché public,1,1000,
Centre Hospitalier Buëch-Durance,Secteur public,Secteur public : achat par marché public,1,500,
Centre Hospitalier de Carcassonne,Secteur public,Secteur public : achat par marché public,1,2000,
Centre Hospitalier de Perpignan,Secteur public,Secteur public : achat par marché public,1,2000,
CENTRE HOSPITALIER DE PONT-SAINT-ESPRIT,Secteur public,Secteur public : achat par marché public,1,500,
Centre Hospitalier de Thuir,Secteur public,Secteur public : achat par marché public,1,1000,
Centre Hospitalier de Valence,Secteur public,Secteur public : achat par marché public,1,2000,
Centre Hospitalier Edouard Toulouse,Secteur public,Secteur public : achat par marché public,1,0,
Centre Hospitalier Louis Giorgi ORANGE,Secteur public,Secteur public : achat par marché public,1,500,
Centre Hospitalier Princesse Grace,Secteur public,Secteur public : achat par marché public,1,0,
Centre Hospitalier Universitaire de Nice (CHU de Nice),Secteur public,Secteur public : achat par marché public,4,0,
Centre Hospitalier Valvert,Secteur public,Secteur public : achat par marché public,1,500,
Centre National d'Études Spatiales,Secteur public,Secteur public : achat par marché public,2,2000,
CFA du Bâtiment Provence-Alpes-Côte d'Azur,Secteur public,Secteur public : achat par marché public,1,250,
CHPC - Centre Hospitalier Public du Cotentin,Secteur public,Secteur public : achat par marché public,1,0,
CHU de Besançon,Secteur public,Secteur public : achat par marché public,1,5000,
CIRAD,Secteur public,Secteur public : achat par marché public,2,1000,
CLC - Club Langues et Civilisations,Secteur public,Secteur public : achat par marché public,1,0,
CNAF,Secteur public,Secteur public : achat par marché public,1,1000,
CNMSS,Secteur public,Secteur public : achat par marché public,1,500,
CNRS,Secteur public,Secteur public : achat par marché public,10,10000,
Communauté d'Agglomération Cannes Lérins,Secteur public,Secteur public : achat par marché public,1,500,
COMMUNE DE SEPTEMES LES VALLONS,Secteur public,Secteur public : achat par marché public,1,250,
Conseil général du Gard,Secteur public,Secteur public : achat par marché public,1,0,
CPAM du Var (Assurance Maladie),Secteur public,Secteur public : achat par marché public,1,3,
Creps Montpellier,Secteur public,Secteur public : achat par marché public,1,0,
Crous de Montpellier - Occitanie,Secteur public,Secteur public : achat par marché public,2,0,
Département de l'Hérault,Secteur public,Secteur public : achat par marché public,3,5000,
Département de Vaucluse,Secteur public,Secteur public : achat par marché public,1,2000,
Département des Bouches-du-Rhône,Secteur public,Secteur public : achat par marché public,1,5000,
Département du Gard,Secteur public,Secteur public : achat par marché public,1,2000,
Département du Lot,Secteur public,Secteur public : achat par marché public,1,1000,
Département du Var,Secteur public,Secteur public : achat par marché public,1,5000,
DGA,Secteur public,Secteur public : achat par marché public,1,0,
DGA - Direction générale de l'armement,Secteur public,Secteur public : achat par marché public,1,0,
Domitia Habitat,Secteur public,Secteur public : achat par marché public,1,50,
Dracénie Provence Verdon agglomération,Secteur public,Secteur public : achat par marché public,1,500,
E2C Marseille,Secteur public,Secteur public : achat par marché public,1,0,
Eaux de Marseille 💧,Secteur public,Secteur public : achat par marché public,1,250,
EDHEC Business School,Secteur public,Secteur public : achat par marché public,1,500,
ENAC - Ecole Nationale de l'Aviation Civile,Secteur public,Secteur public : achat par marché public,1,0,
"ENSM, Ecole nationale supérieure maritime",Secteur public,Secteur public : achat par marché public,1,6,
Fonction Publique,Secteur public,Secteur public : achat par marché public,1,2000,
Fondation de France,Secteur public,Secteur public : achat par marché public,1,250,
Fondation Edith Seltzer,Secteur public,Secteur public : achat par marché public,1,500,
Fondation INFA,Secteur public,Secteur public : achat par marché public,1,,
France Travail,Secteur public,Secteur public : achat par marché public,5,10000,
Golfe de Saint-Tropez,Secteur public,Secteur public : achat par marché public,1,200,
Gouvernement Monaco,Secteur public,Secteur public : achat par marché public,3,,
Grand Delta Habitat,Secteur public,Secteur public : achat par marché public,1,500,
Groupe Promotelec,Secteur public,Secteur public : achat par marché public,1,,
Hérault Logement,Secteur public,Secteur public : achat par marché public,1,200,
Hôpital Joseph Ducuing,Secteur public,Secteur public : achat par marché public,1,1,
Hôpital Léon Bérard,Secteur public,Secteur public : achat par marché public,1,250,
Hotel Martinez,Secteur public,Secteur public : achat par marché public,1,0,
Ile-De-France Mobilités,Secteur public,Secteur public : achat par marché public,1,500,
iMSA,Secteur public,Secteur public : achat par marché public,1,1000,
IMT Mines Albi,Secteur public,Secteur public : achat par marché public,2,0,
INERIS,Secteur public,Secteur public : achat par marché public,1,500,
INRAE,Secteur public,Secteur public : achat par marché public,1,10000,
INSERM,Secteur public,Secteur public : achat par marché public,1,5000,
Institut Arnault Tzanck Saint Laurent du Var,Secteur public,Secteur public : achat par marché public,1,0,
IRD,Secteur public,Secteur public : achat par marché public,2,3,
IRSN,Secteur public,Secteur public : achat par marché public,2,1000,
IRT Saint Exupéry,Secteur public,Secteur public : achat par marché public,1,250,
ITER Organization,Secteur public,Secteur public : achat par marché public,2,0,
Léo Lagrange Formation,Secteur public,Secteur public : achat par marché public,1,200,
Lycée Lyautey au Maroc,Secteur public,Secteur public : achat par marché public,1,250,
Mairie de Balma,Secteur public,Secteur public : achat par marché public,1,250,
Mairie de Colomiers,Secteur public,Secteur public : achat par marché public,2,1000,
Mairie de Digne-les-Bains,Secteur public,Secteur public : achat par marché public,2,250,
Mairie de Fréjus,Secteur public,Secteur public : achat par marché public,1,0,
mairie de la garde,Secteur public,Secteur public : achat par marché public,1,50,
Mairie de Monaco,Secteur public,Secteur public : achat par marché public,1,0,
Mairie De Mont Saint Martin,Secteur public,Secteur public : achat par marché public,1,200,
Mairie de Sanary-Sur-Mer,Secteur public,Secteur public : achat par marché public,1,250,
Meteo France International,Secteur public,Secteur public : achat par marché public,1,50,
Métropole Aix-Marseille-Provence,Secteur public,Secteur public : achat par marché public,2,5000,
Métropole Nice Côte d'Azur,Secteur public,Secteur public : achat par marché public,1,2000,
mipih,Secteur public,Secteur public : achat par marché public,1,500,
Mutualité Française Grand Sud,Secteur public,Secteur public : achat par marché public,1,500,
Mutualité Française Haute-Garonne,Secteur public,Secteur public : achat par marché public,1,500,
Nîmes Métropole,Secteur public,Secteur public : achat par marché public,1,250,
Observatoire de la Côte d'Azur,Secteur public,Secteur public : achat par marché public,1,100,
"Orizo, Transports du Grand Avignon",Secteur public,Secteur public : achat par marché public,1,0,
Ouest Aveyron Communauté,Secteur public,Secteur public : achat par marché public,1,50,
Oxance,Secteur public,Secteur public : achat par marché public,1,1000,
PATRIMOINE SA Languedocienne,Secteur public,Secteur public : achat par marché public,1,100,
PAYS D'AIX HABITAT METROPOLE,Secteur public,Secteur public : achat par marché public,1,100,
PEP06,Secteur public,Secteur public : achat par marché public,1,,
PRO BTP Groupe,Secteur public,Secteur public : achat par marché public,4,0,
Promologis,Secteur public,Secteur public : achat par marché public,1,0,
Purple Campus Occitanie,Secteur public,Secteur public : achat par marché public,1,500,
REGIE LIGNE D'AZUR,Secteur public,Secteur public : achat par marché public,1,1000,
Région Sud - Provence-Alpes-Côte d'Azur,Secteur public,Secteur public : achat par marché public,1,250,
Réseau de Transport d'Électricité,Secteur public,Secteur public : achat par marché public,1,10000,
"SAINTE CATHERINE, INSTITUT DU CANCER AVIGNON-PROVENCE",Secteur public,Secteur public : achat par marché public,1,0,
SDIS 06,Secteur public,Secteur public : achat par marché public,1,,
SIAé - Service industriel de l'aéronautique,Secteur public,Secteur public : achat par marché public,1,10,
Société Française de Garantie,Secteur public,Secteur public : achat par marché public,1,200,
TAM 3M,Secteur public,Secteur public : achat par marché public,1,,
TaM Montpellier 3M,Secteur public,Secteur public : achat par marché public,1,,
TBS Education,Secteur public,Secteur public : achat par marché public,1,0,
Terres du Lauragais,Secteur public,Secteur public : achat par marché public,1,0,
Toulon Provence Méditerranée,Secteur public,Secteur public : achat par marché public,1,2000,
TOULOUSE METROPOLE HABITAT - l'OPH de la métropole toulousaine,Secteur public,Secteur public : achat par marché public,1,250,
UGAP,Secteur public,Secteur public : achat par marché public,1,1000,
UGECAM PACA et Corse,Secteur public,Secteur public : achat par marché public,1,1000,
Un toit pour tous,Secteur public,Secteur public : achat par marché public,1,0,
Unicil - Groupe Action Logement,Secteur public,Secteur public : achat par marché public,1,250,
Union nationale des Missions Locales,Secteur public,Secteur public : achat par marché public,1,20,
Université de Toulouse,Secteur public,Secteur public : achat par marché public,1,0,
Urssaf Caisse nationale,Secteur public,Secteur public : achat par marché public,2,,
Urssaf Paca,Secteur public,Secteur public : achat par marché public,1,1000,
Ville d'Avignon,Secteur public,Secteur public : achat par marché public,2,0,
Ville d'Orange,Secteur public,Secteur public : achat par marché public,1,0,
Ville de Béziers,Secteur public,Secteur public : achat par marché public,1,1,
Ville de Courbevoie,Secteur public,Secteur public : achat par marché public,1,0,
Ville de Digne-les-Bains,Secteur public,Secteur public : achat par marché public,1,0,
Ville de Gap,Secteur public,Secteur public : achat par marché public,1,0,
VILLE DE PAMIERS,Secteur public,Secteur public : achat par marché public,1,0,
VYV 3 Sud-Est,Secteur public,Secteur public : achat par marché public,1,20,
