"Ville","Département","Région","Note"
"Aix-En-Provence","13","Provence-Alpes-Côte d'Azur",""
"Andrezieux-Boutheon","42","Auvergne-Rhône-Alpes",""
"Angers","49","Pays de la Loire",""
"Annecy","74","Auvergne-Rhône-Alpes",""
"Antibes","06","Provence-Alpes-Côte d'Azur",""
"Arles","13","Provence-Alpes-Côte d'Azur",""
"Arlon (drève de l'Arc-en-ciel 98)","","Wallonie","Belgique : commune de Arlon"
"Arlon (rue de l'Hydrion 50)","","Wallonie","Belgique : commune de Arlon"
"Aucamville","31","Occitanie","2 communes homonymes, la plus peuplée retenue (Haute-Garonne)"
"Auderghem","","Bruxelles","Belgique : commune de Auderghem"
"Auray","56","Bretagne",""
"Auvillar","82","Occitanie",""
"Avermes","03","Auvergne-Rhône-Alpes",""
"Avignon","84","Provence-Alpes-Côte d'Azur",""
"Bar-le-Duc","55","Grand Est",""
"Bastogne (place Mac Auliffe 38)","","Wallonie","Belgique : commune de Bastogne"
"Battice, Herve (rue de Waucomont 51)","","Wallonie","Belgique : commune de Battice"
"Belgique, Bruxelles","","Bruxelles","Région de Bruxelles-Capitale"
"Berre-L'Étang","13","Provence-Alpes-Côte d'Azur",""
"Bertrix","","Wallonie","Belgique : commune de Bertrix"
"Besançon","25","Bourgogne-Franche-Comté",""
"Blois","41","Centre-Val de Loire",""
"Bordeaux","33","Nouvelle-Aquitaine",""
"Bourbonne-les-Bains","52","Grand Est",""
"Bourg-En-Bresse","01","Auvergne-Rhône-Alpes",""
"Bourg-Lès-Valence","26","Auvergne-Rhône-Alpes",""
"Bourges","18","Centre-Val de Loire",""
"Bourgoin-Jallieu","38","Auvergne-Rhône-Alpes",""
"Brignoles","83","Provence-Alpes-Côte d'Azur",""
"Brumath","67","Grand Est",""
"Bruxelles","","Bruxelles","Belgique : commune de Bruxelles"
"Bruxelles (Evere)","","Bruxelles","Belgique : commune de Bruxelles"
"Bruxelles (Watermael-Boitsfort)","","Bruxelles","Belgique : commune de Bruxelles"
"Bruxelles (chaussée de La Hulpe 178)","","Bruxelles","Belgique : commune de Bruxelles"
"Bruxelles (rue de Stassart 35-39, 1050)","","Bruxelles","Belgique : commune de Bruxelles"
"Bruxelles (siège) + Enghien, Mons, Louvain-la-Neuve, Liège, Embourg","","Bruxelles","Belgique : commune de Bruxelles"
"Bruxelles et Charleroi (quai Arthur Rimbaud 6)","","Bruxelles","Belgique : commune de Bruxelles et Charleroi"
"Bruz","35","Bretagne",""
"Cabriès","13","Provence-Alpes-Côte d'Azur",""
"Caen","14","Normandie",""
"Cagnes-sur-Mer","06","Provence-Alpes-Côte d'Azur",""
"Caluire-et-Cuire","69","Auvergne-Rhône-Alpes",""
"Cantons de l'Est et Luxembourg","","Wallonie","Belgique : commune de Cantons de l'Est et Luxembourg"
"Carhaix-Plouguer","29","Bretagne",""
"Carros","06","Provence-Alpes-Côte d'Azur",""
"Carvin","62","Hauts-de-France",""
"Cavaillon","84","Provence-Alpes-Côte d'Azur",""
"Chambray-lès-Tours","37","Centre-Val de Loire",""
"Chambéry","73","Auvergne-Rhône-Alpes",""
"Charleroi (rue Santos Dumont 3)","","Wallonie","Belgique : commune de Charleroi"
"Charleville-Mézières","08","Grand Est",""
"Chartres","28","Centre-Val de Loire",""
"Chateaurenard","13","Provence-Alpes-Côte d'Azur",""
"Chaumont","52","Grand Est","5 communes homonymes, la plus peuplée retenue (Haute-Marne)"
"Chinon","37","Centre-Val de Loire",""
"Châlons-en-Champagne","51","Grand Est",""
"Châteauneuf-Les-Martigues","13","Provence-Alpes-Côte d'Azur",""
"Clermont-Ferrand","63","Auvergne-Rhône-Alpes",""
"Colmar","68","Grand Est",""
"Colombes","92","Île-de-France",""
"Courbevoie","92","Île-de-France",""
"Dardilly","69","Auvergne-Rhône-Alpes",""
"Dijon","21","Bourgogne-Franche-Comté",""
"Dreux","28","Centre-Val de Loire",""
"Dury","80","Hauts-de-France",""
"Décines-Charpieu","69","Auvergne-Rhône-Alpes",""
"Erpent (Namur)","","Wallonie","Belgique : commune de Erpent"
"Erpent-Namur (chaussée de Marche 569A) + Bruxelles + Charleroi","","Wallonie","Belgique : commune de Erpent-Namur"
"Fayt-lez-Manage","","Wallonie","Belgique : commune de Fayt-lez-Manage"
"Fondettes","37","Centre-Val de Loire",""
"France, Bayonne et Paris","64","Nouvelle-Aquitaine","Siège à Bayonne, bureau à Paris"
"France, Le Cheylard et Paris","07","Auvergne-Rhône-Alpes","Siège au Cheylard, bureau à Paris"
"France, Paris","75","Île-de-France","posé à la main"
"France, Paris et Lyon","75","Île-de-France","Siège à Paris, bureau à Lyon"
"Frontignan","34","Occitanie",""
"Froyennes (rue du Progrès 4B)","","Wallonie","Belgique : commune de Froyennes"
"Gallardon","28","Centre-Val de Loire",""
"Gidy","45","Centre-Val de Loire",""
"Gosselies (rue Antoine de Saint-Exupéry 14B)","","Wallonie","Belgique : commune de Gosselies"
"Gosselies (rue Santos Dumont 3)","","Wallonie","Belgique : commune de Gosselies"
"Gouesnou","29","Bretagne",""
"Grasse","06","Provence-Alpes-Côte d'Azur",""
"Graulhet","81","Occitanie",""
"Grenoble","38","Auvergne-Rhône-Alpes",""
"Grâce-Hollogne (rue du Fort 3)","","Wallonie","Belgique : commune de Grâce-Hollogne"
"Gundershoffen","67","Grand Est",""
"Haguenau","67","Grand Est",""
"Hasparren","64","Nouvelle-Aquitaine",""
"Herserange (Longwy)","54","Grand Est",""
"Herstal (rue d'Abhooz 31)","","Wallonie","Belgique : commune de Herstal"
"Jambes (Namur) et Awans (Liège)","","Wallonie","Belgique : commune de Jambes"
"Joué-lès-Tours","37","Centre-Val de Loire",""
"Jumet (rue de Bordeaux 50)","","Wallonie","Belgique : commune de Jumet"
"La Bastide-Des-Jourdans","84","Provence-Alpes-Côte d'Azur",""
"La Chapelle-Saint-Luc","10","Grand Est",""
"La Chapelle-sur-Erdre","44","Pays de la Loire",""
"La Ciotat","13","Provence-Alpes-Côte d'Azur",""
"La Gaude","06","Provence-Alpes-Côte d'Azur",""
"La Louvière (rue Ernest Boucquéau 13)","","Wallonie","Belgique : commune de La Louvière"
"La Madeleine","59","Hauts-de-France",""
"La Seyne-Sur-Mer","83","Provence-Alpes-Côte d'Azur",""
"Labege","31","Occitanie",""
"Lambesc","13","Provence-Alpes-Côte d'Azur",""
"Larmor-Plage","56","Bretagne",""
"Le Blanc","36","Centre-Val de Loire",""
"Le Bouscat","33","Nouvelle-Aquitaine",""
"Le Coudray","28","Centre-Val de Loire",""
"Le Luc","83","Provence-Alpes-Côte d'Azur",""
"Le Mans","72","Pays de la Loire",""
"Les Avenières Veyrins-Thuellin","38","Auvergne-Rhône-Alpes",""
"Les Isnes, Gembloux (Parc Créalys)","","Wallonie","Belgique : commune de Les Isnes"
"Lesigny","77","Île-de-France","2 communes homonymes, la plus peuplée retenue (Seine-et-Marne)"
"Lezennes","59","Hauts-de-France",""
"Lille","59","Hauts-de-France",""
"Limoges","87","Nouvelle-Aquitaine",""
"Liège (quai des Vennes 18)","","Wallonie","Belgique : commune de Liège"
"Liège (rue Alfred Defuisseaux 116)","","Wallonie","Belgique : commune de Liège"
"Liège (rue Walthère Dewé 143)","","Wallonie","Belgique : commune de Liège"
"Liège (rue de Fragnée 19-21)","","Wallonie","Belgique : commune de Liège"
"Liège (rue des Vennes 151 et 230)","","Wallonie","Belgique : commune de Liège"
"Liège et Soumagne","","Wallonie","Belgique : commune de Liège et Soumagne"
"Loriol-Du-Comtat","84","Provence-Alpes-Côte d'Azur",""
"Luxembourg","","Luxembourg","Grand-Duché de Luxembourg"
"Luxembourg (Leudelange) et Belgique (Bruxelles, Anvers, Gand)","","Luxembourg","Siège au Luxembourg, bureaux en Belgique"
"Lyon","69","Auvergne-Rhône-Alpes",""
"Mandelieu-La-Napoule","06","Provence-Alpes-Côte d'Azur",""
"Marche-en-Famenne (chaussée de l'Ourthe 18)","","Wallonie","Belgique : commune de Marche-en-Famenne"
"Marche-en-Famenne (rue Borchamps 24)","","Wallonie","Belgique : commune de Marche-en-Famenne"
"Marcq-en-Barœul","59","Hauts-de-France",""
"Marguerittes","30","Occitanie",""
"Marignane","13","Provence-Alpes-Côte d'Azur",""
"Marquain (rue de la Terre à Briques 29)","","Wallonie","Belgique : commune de Marquain"
"Marseille","13","Provence-Alpes-Côte d'Azur",""
"Martigues","13","Provence-Alpes-Côte d'Azur",""
"Martin-Église","76","Normandie",""
"Mauguio","34","Occitanie",""
"Mazan","84","Provence-Alpes-Côte d'Azur",""
"Metz","57","Grand Est",""
"Meyreuil","13","Provence-Alpes-Côte d'Azur",""
"Monaco","","Monaco","Principauté de Monaco"
"Mont-Saint-Aignan","76","Normandie",""
"Mont-Saint-Guibert (rue Granbonpré 11)","","Wallonie","Belgique : commune de Mont-Saint-Guibert"
"Montargis","45","Centre-Val de Loire",""
"Montarnaud","34","Occitanie",""
"Montauban","82","Occitanie",""
"Montauban-De-Bretagne","35","Bretagne",""
"Montbonnot-Saint-Martin","38","Auvergne-Rhône-Alpes",""
"Montivilliers","76","Normandie",""
"Montpellier","34","Occitanie",""
"Montrichard Val de Cher","41","Centre-Val de Loire",""
"Montélimar","26","Auvergne-Rhône-Alpes",""
"Mouans-Sartoux","06","Provence-Alpes-Côte d'Azur",""
"Mougins","06","Provence-Alpes-Côte d'Azur",""
"Mudaison","34","Occitanie",""
"Mulhouse","68","Grand Est",""
"Mülheim","","","Ville erronée dans le fichier source de Tom : société montpelliéraine, à corriger avant appel"
"Namur","","Wallonie","Belgique : commune de Namur"
"Namur (chaussée de Marche 501)","","Wallonie","Belgique : commune de Namur"
"Nancy","54","Grand Est",""
"Nanterre","92","Île-de-France",""
"Nantes","44","Pays de la Loire",""
"Neufchâteau","88","Grand Est",""
"Neulise","42","Auvergne-Rhône-Alpes",""
"Neuville-En-Ferrain","59","Hauts-de-France",""
"Nice","06","Provence-Alpes-Côte d'Azur",""
"Nimes","30","Occitanie",""
"Noisy-Le-Grand","93","Île-de-France",""
"Nîmes","30","Occitanie",""
"Obernai","67","Grand Est",""
"Octeville-sur-Mer","76","Normandie",""
"Orange","84","Provence-Alpes-Côte d'Azur",""
"Orgeval","78","Île-de-France",""
"Orléans","45","Centre-Val de Loire",""
"Pacé","35","Bretagne",""
"Panossas","38","Auvergne-Rhône-Alpes",""
"Paris","75","Île-de-France",""
"Perpignan","66","Occitanie",""
"Poitiers","86","Nouvelle-Aquitaine",""
"Pont-Du-Casse","47","Nouvelle-Aquitaine",""
"Preuilly-sur-Claise","37","Centre-Val de Loire",""
"Quimper","29","Bretagne",""
"Quétigny","21","Bourgogne-Franche-Comté",""
"Reims","51","Grand Est",""
"Rennes","35","Bretagne",""
"Reyrieux","01","Auvergne-Rhône-Alpes",""
"Rezé","44","Pays de la Loire",""
"Rodez","12","Occitanie",""
"Rombas","57","Grand Est",""
"Roquefort-Sur-Soulzon","12","Occitanie",""
"Royan","17","Nouvelle-Aquitaine",""
"Saint-Avertin","37","Centre-Val de Loire",""
"Saint-Barthélemy-d'Anjou","49","Pays de la Loire",""
"Saint-Contest","14","Normandie",""
"Saint-Doulchard","18","Centre-Val de Loire",""
"Saint-Genis-Les-Ollieres","69","Auvergne-Rhône-Alpes",""
"Saint-Julien-lès-Metz","57","Grand Est",""
"Saint-Just-Saint-Rambert","42","Auvergne-Rhône-Alpes",""
"Saint-Laurent-du-Var","06","Provence-Alpes-Côte d'Azur",""
"Saint-Maur","36","Centre-Val de Loire",""
"Saint-Uze","26","Auvergne-Rhône-Alpes",""
"Saint-Étienne","42","Auvergne-Rhône-Alpes",""
"Sainte-Croix-en-Plaine","68","Grand Est",""
"Sallanches","74","Auvergne-Rhône-Alpes",""
"Salon-De-Provence","13","Provence-Alpes-Côte d'Azur",""
"Sanary-Sur-Mer","83","Provence-Alpes-Côte d'Azur",""
"Schiltigheim","67","Grand Est",""
"Sedan","08","Grand Est",""
"Serres-Castet","64","Nouvelle-Aquitaine",""
"Signes","83","Provence-Alpes-Côte d'Azur",""
"Soignies (siège) + Mons + Seilles (Andenne)","","Wallonie","Belgique : commune de Soignies"
"Strasbourg","67","Grand Est",""
"Suffolk","","","Ville erronée dans le fichier source de Tom : société niçoise, à corriger avant appel"
"Suisse, Genève","","Suisse","Canton de Genève"
"Suisse, Genève et Yverdon-les-Bains","","Suisse","Genève et Vaud"
"Suisse, Neuchâtel et Genève","","Suisse","Neuchâtel et Genève"
"Sénas","13","Provence-Alpes-Côte d'Azur",""
"Tarbes","65","Occitanie",""
"Tarcienne (Walcourt)","","Wallonie","Belgique : commune de Tarcienne"
"Terrasson-Lavilledieu","24","Nouvelle-Aquitaine",""
"Terssac","81","Occitanie",""
"Toulon","83","Provence-Alpes-Côte d'Azur",""
"Toulouse","31","Occitanie",""
"Tourcoing","59","Hauts-de-France",""
"Tours","37","Centre-Val de Loire",""
"Tremblay-En-France","93","Île-de-France",""
"Troyes","10","Grand Est",""
"Uccle","","Wallonie","Belgique : commune de Uccle"
"Ugine","73","Auvergne-Rhône-Alpes",""
"Val de Briey","54","Grand Est",""
"Valbonne","06","Provence-Alpes-Côte d'Azur",""
"Valence","26","Auvergne-Rhône-Alpes","3 communes homonymes, la plus peuplée retenue (Drôme)"
"Vannes","56","Bretagne",""
"Velaux","13","Provence-Alpes-Côte d'Azur",""
"Verlaine (rue Hamente 14)","","Wallonie","Belgique : commune de Verlaine"
"Vernaison","69","Auvergne-Rhône-Alpes",""
"Vertou","44","Pays de la Loire",""
"Verviers (avenue de Spa 1)","","Wallonie","Belgique : commune de Verviers"
"Villeneuve-Les-Bouloc","31","Occitanie",""
"Villeneuve-Loubet","06","Provence-Alpes-Côte d'Azur",""
"Villers-lès-Nancy","54","Grand Est",""
"Villeurbanne","69","Auvergne-Rhône-Alpes",""
"Vire-Normandie","14","Normandie",""
"Visé, Eupen, Waremme","","Wallonie","Belgique : commune de Visé"
"Vitrolles","13","Provence-Alpes-Côte d'Azur","2 communes homonymes, la plus peuplée retenue (Bouches-du-Rhône)"
"Wailly-Beaucamp","62","Hauts-de-France",""
"Walcourt (rue de la Place Verte 22)","","Wallonie","Belgique : commune de Walcourt"
"Waterloo et Wauthier-Braine","","Wallonie","Belgique : commune de Waterloo et Wauthier-Braine"
"Watermael-Boitsfort","","Bruxelles","Belgique : commune de Watermael-Boitsfort"
"Wavre (avenue Léonard de Vinci 25/3)","","Wallonie","Belgique : commune de Wavre"
"Yutz","57","Grand Est",""
"Zellwiller","67","Grand Est",""
"Épernay","51","Grand Est",""
"Épinal","88","Grand Est",""
